debugFPWU8O:debug0509VI,0,1430732811773,"{""phase"": ""INSTRUCTIONS"", ""templates"": [""instructions/instruct-1.html"", ""instructions/instruct-2.html"", ""instructions/instruct-3.html"", ""instructions/instruct-ready.html""], ""action"": ""Begin""}"
debugFPWU8O:debug0509VI,1,1430732818167,"{""phase"": ""INSTRUCTIONS"", ""indexOf"": 0, ""viewTime"": 6386, ""action"": ""NextPage"", ""template"": ""instructions/instruct-1.html""}"
debugFPWU8O:debug0509VI,2,1430732820775,"{""phase"": ""INSTRUCTIONS"", ""indexOf"": 1, ""viewTime"": 2604, ""action"": ""NextPage"", ""template"": ""instructions/instruct-2.html""}"
debugFPWU8O:debug0509VI,3,1430732822095,"{""phase"": ""INSTRUCTIONS"", ""indexOf"": 2, ""viewTime"": 1318, ""action"": ""NextPage"", ""template"": ""instructions/instruct-3.html""}"
debugFPWU8O:debug0509VI,4,1430732823407,"{""phase"": ""INSTRUCTIONS"", ""indexOf"": 3, ""viewTime"": 1311, ""action"": ""FinishInstructions"", ""template"": ""instructions/instruct-ready.html""}"
debugFPWU8O:debug0509VI,5,1430732824995,"{""rt"": 1578, ""hit"": true, ""color"": ""blue"", ""relation"": ""congruent"", ""phase"": ""TEST"", ""word"": ""BLUE"", ""response"": ""blue""}"
debugFPWU8O:debug0509VI,6,1430732826253,"{""rt"": 1257, ""hit"": true, ""color"": ""red"", ""relation"": ""congruent"", ""phase"": ""TEST"", ""word"": ""RED"", ""response"": ""red""}"
debugFPWU8O:debug0509VI,7,1430732829267,"{""rt"": 3013, ""hit"": true, ""color"": ""blue"", ""relation"": ""incongruent"", ""phase"": ""TEST"", ""word"": ""RED"", ""response"": ""blue""}"
debugFPWU8O:debug0509VI,8,1430732830575,"{""rt"": 1308, ""hit"": true, ""color"": ""red"", ""relation"": ""unrelated"", ""phase"": ""TEST"", ""word"": ""SHIP"", ""response"": ""red""}"
debugFPWU8O:debug0509VI,9,1430732832326,"{""rt"": 1750, ""hit"": true, ""color"": ""red"", ""relation"": ""incongruent"", ""phase"": ""TEST"", ""word"": ""GREEN"", ""response"": ""red""}"
debugFPWU8O:debug0509VI,10,1430732833366,"{""rt"": 1039, ""hit"": false, ""color"": ""green"", ""relation"": ""incongruent"", ""phase"": ""TEST"", ""word"": ""BLUE"", ""response"": ""blue""}"
debugFPWU8O:debug0509VI,11,1430732834158,"{""rt"": 791, ""hit"": false, ""color"": ""green"", ""relation"": ""unrelated"", ""phase"": ""TEST"", ""word"": ""MONKEY"", ""response"": ""blue""}"
debugFPWU8O:debug0509VI,12,1430732835328,"{""rt"": 1170, ""hit"": false, ""color"": ""blue"", ""relation"": ""unrelated"", ""phase"": ""TEST"", ""word"": ""ZAMBONI"", ""response"": ""green""}"
debugFPWU8O:debug0509VI,13,1430732836074,"{""rt"": 745, ""hit"": false, ""color"": ""green"", ""relation"": ""congruent"", ""phase"": ""TEST"", ""word"": ""GREEN"", ""response"": ""blue""}"
debugFPWU8O:debug0509VI,14,1430732836075,"{""phase"": ""postquestionnaire"", ""status"": ""begin""}"
debugFPWU8O:debug0509VI,15,1430732837839,"{""phase"": ""postquestionnaire"", ""status"": ""submit""}"
debugMSW5P4:debug4WSLLB,0,1431439885177,"{""phase"": ""INSTRUCTIONS"", ""templates"": [""instructions/instruct-1.html"", ""instructions/instruct-2.html"", ""instructions/instruct-3.html"", ""instructions/instruct-ready.html""], ""action"": ""Begin""}"
debugMSW5P4:debug4WSLLB,1,1431439885991,"{""phase"": ""INSTRUCTIONS"", ""indexOf"": 0, ""viewTime"": 810, ""action"": ""NextPage"", ""template"": ""instructions/instruct-1.html""}"
debugMSW5P4:debug4WSLLB,2,1431439886469,"{""phase"": ""INSTRUCTIONS"", ""indexOf"": 1, ""viewTime"": 472, ""action"": ""NextPage"", ""template"": ""instructions/instruct-2.html""}"
debugMSW5P4:debug4WSLLB,3,1431439886813,"{""phase"": ""INSTRUCTIONS"", ""indexOf"": 2, ""viewTime"": 343, ""action"": ""NextPage"", ""template"": ""instructions/instruct-3.html""}"
debugMSW5P4:debug4WSLLB,4,1431439888429,"{""phase"": ""INSTRUCTIONS"", ""indexOf"": 3, ""viewTime"": 1614, ""action"": ""FinishInstructions"", ""template"": ""instructions/instruct-ready.html""}"
debugMSW5P4:debug4WSLLB,5,1431439901479,"{""rt"": 13041, ""hit"": true, ""color"": ""red"", ""relation"": ""incongruent"", ""phase"": ""TEST"", ""word"": ""GREEN"", ""response"": ""red""}"
debugMSW5P4:debug4WSLLB,6,1431439916400,"{""rt"": 14920, ""hit"": true, ""color"": ""green"", ""relation"": ""unrelated"", ""phase"": ""TEST"", ""word"": ""MONKEY"", ""response"": ""green""}"
debugMSW5P4:debug4WSLLB,7,1431439919516,"{""rt"": 3114, ""hit"": true, ""color"": ""red"", ""relation"": ""unrelated"", ""phase"": ""TEST"", ""word"": ""SHIP"", ""response"": ""red""}"
debugMSW5P4:debug4WSLLB,8,1431439934577,"{""rt"": 15061, ""hit"": true, ""color"": ""green"", ""relation"": ""incongruent"", ""phase"": ""TEST"", ""word"": ""BLUE"", ""response"": ""green""}"
debugMSW5P4:debug4WSLLB,9,1431439934733,"{""rt"": 155, ""hit"": true, ""color"": ""green"", ""relation"": ""congruent"", ""phase"": ""TEST"", ""word"": ""GREEN"", ""response"": ""green""}"
debugMSW5P4:debug4WSLLB,10,1431439934879,"{""rt"": 145, ""hit"": false, ""color"": ""blue"", ""relation"": ""incongruent"", ""phase"": ""TEST"", ""word"": ""RED"", ""response"": ""green""}"
debugMSW5P4:debug4WSLLB,11,1431439935011,"{""rt"": 132, ""hit"": false, ""color"": ""blue"", ""relation"": ""congruent"", ""phase"": ""TEST"", ""word"": ""BLUE"", ""response"": ""green""}"
debugMSW5P4:debug4WSLLB,12,1431439935145,"{""rt"": 134, ""hit"": false, ""color"": ""blue"", ""relation"": ""unrelated"", ""phase"": ""TEST"", ""word"": ""ZAMBONI"", ""response"": ""green""}"
debugMSW5P4:debug4WSLLB,13,1431439935290,"{""rt"": 144, ""hit"": false, ""color"": ""red"", ""relation"": ""congruent"", ""phase"": ""TEST"", ""word"": ""RED"", ""response"": ""green""}"
debugMSW5P4:debug4WSLLB,14,1431439935291,"{""phase"": ""postquestionnaire"", ""status"": ""begin""}"
debugMSW5P4:debug4WSLLB,15,1431439936277,"{""phase"": ""postquestionnaire"", ""status"": ""submit""}"
debugCML0XW:debugYDB5WS,0,1431948078160,"{""phase"": ""INSTRUCTIONS"", ""templates"": [""instructions/instruct-1.html"", ""instructions/instruct-2.html"", ""instructions/instruct-3.html"", ""instructions/instruct-ready.html""], ""action"": ""Begin""}"
debugCML0XW:debugYDB5WS,1,1431948078750,"{""phase"": ""INSTRUCTIONS"", ""indexOf"": 0, ""viewTime"": 584, ""action"": ""NextPage"", ""template"": ""instructions/instruct-1.html""}"
debugCML0XW:debugYDB5WS,2,1431948079092,"{""phase"": ""INSTRUCTIONS"", ""indexOf"": 1, ""viewTime"": 339, ""action"": ""NextPage"", ""template"": ""instructions/instruct-2.html""}"
debugCML0XW:debugYDB5WS,3,1431948079260,"{""phase"": ""INSTRUCTIONS"", ""indexOf"": 2, ""viewTime"": 166, ""action"": ""NextPage"", ""template"": ""instructions/instruct-3.html""}"
debugCML0XW:debugYDB5WS,4,1431948079700,"{""phase"": ""INSTRUCTIONS"", ""indexOf"": 3, ""viewTime"": 439, ""action"": ""FinishInstructions"", ""template"": ""instructions/instruct-ready.html""}"
debugCML0XW:debugYDB5WS,5,1431948080927,"{""rt"": 1214, ""hit"": false, ""color"": ""blue"", ""relation"": ""incongruent"", ""phase"": ""TEST"", ""word"": ""RED"", ""response"": ""green""}"
debugCML0XW:debugYDB5WS,6,1431948081198,"{""rt"": 270, ""hit"": true, ""color"": ""green"", ""relation"": ""unrelated"", ""phase"": ""TEST"", ""word"": ""MONKEY"", ""response"": ""green""}"
debugCML0XW:debugYDB5WS,7,1431948081432,"{""rt"": 233, ""hit"": false, ""color"": ""red"", ""relation"": ""congruent"", ""phase"": ""TEST"", ""word"": ""RED"", ""response"": ""green""}"
debugCML0XW:debugYDB5WS,8,1431948081632,"{""rt"": 200, ""hit"": true, ""color"": ""green"", ""relation"": ""incongruent"", ""phase"": ""TEST"", ""word"": ""BLUE"", ""response"": ""green""}"
debugCML0XW:debugYDB5WS,9,1431948081856,"{""rt"": 223, ""hit"": false, ""color"": ""red"", ""relation"": ""unrelated"", ""phase"": ""TEST"", ""word"": ""SHIP"", ""response"": ""green""}"
debugCML0XW:debugYDB5WS,10,1431948082069,"{""rt"": 213, ""hit"": false, ""color"": ""red"", ""relation"": ""incongruent"", ""phase"": ""TEST"", ""word"": ""GREEN"", ""response"": ""green""}"
debugCML0XW:debugYDB5WS,11,1431948082270,"{""rt"": 200, ""hit"": false, ""color"": ""blue"", ""relation"": ""unrelated"", ""phase"": ""TEST"", ""word"": ""ZAMBONI"", ""response"": ""green""}"
debugCML0XW:debugYDB5WS,12,1431948082464,"{""rt"": 193, ""hit"": true, ""color"": ""green"", ""relation"": ""congruent"", ""phase"": ""TEST"", ""word"": ""GREEN"", ""response"": ""green""}"
debugCML0XW:debugYDB5WS,13,1431948082665,"{""rt"": 200, ""hit"": false, ""color"": ""blue"", ""relation"": ""congruent"", ""phase"": ""TEST"", ""word"": ""BLUE"", ""response"": ""green""}"
debugCML0XW:debugYDB5WS,14,1431948082667,"{""phase"": ""postquestionnaire"", ""status"": ""begin""}"
debugCML0XW:debugYDB5WS,15,1431948083716,"{""phase"": ""postquestionnaire"", ""status"": ""submit""}"
debugQT4VLU:debug3E8EAR,0,1432313395353,"{""phase"": ""INSTRUCTIONS"", ""templates"": [""instructions/instruct-1.html"", ""instructions/instruct-2.html"", ""instructions/instruct-3.html"", ""instructions/instruct-ready.html""], ""action"": ""Begin""}"
debugQT4VLU:debug3E8EAR,1,1432313395803,"{""phase"": ""INSTRUCTIONS"", ""indexOf"": 0, ""viewTime"": 445, ""action"": ""NextPage"", ""template"": ""instructions/instruct-1.html""}"
debugQT4VLU:debug3E8EAR,2,1432313396113,"{""phase"": ""INSTRUCTIONS"", ""indexOf"": 1, ""viewTime"": 305, ""action"": ""NextPage"", ""template"": ""instructions/instruct-2.html""}"
debugQT4VLU:debug3E8EAR,3,1432313396297,"{""phase"": ""INSTRUCTIONS"", ""indexOf"": 2, ""viewTime"": 182, ""action"": ""NextPage"", ""template"": ""instructions/instruct-3.html""}"
debugQT4VLU:debug3E8EAR,4,1432313396729,"{""phase"": ""INSTRUCTIONS"", ""indexOf"": 3, ""viewTime"": 431, ""action"": ""FinishInstructions"", ""template"": ""instructions/instruct-ready.html""}"
debugQT4VLU:debug3E8EAR,5,1432313397647,"{""rt"": 911, ""hit"": true, ""color"": ""green"", ""relation"": ""incongruent"", ""phase"": ""TEST"", ""word"": ""BLUE"", ""response"": ""green""}"
debugQT4VLU:debug3E8EAR,6,1432313397936,"{""rt"": 288, ""hit"": false, ""color"": ""blue"", ""relation"": ""unrelated"", ""phase"": ""TEST"", ""word"": ""ZAMBONI"", ""response"": ""green""}"
debugQT4VLU:debug3E8EAR,7,1432313398147,"{""rt"": 210, ""hit"": false, ""color"": ""red"", ""relation"": ""incongruent"", ""phase"": ""TEST"", ""word"": ""GREEN"", ""response"": ""green""}"
debugQT4VLU:debug3E8EAR,8,1432313398331,"{""rt"": 184, ""hit"": true, ""color"": ""green"", ""relation"": ""unrelated"", ""phase"": ""TEST"", ""word"": ""MONKEY"", ""response"": ""green""}"
debugQT4VLU:debug3E8EAR,9,1432313398489,"{""rt"": 158, ""hit"": false, ""color"": ""blue"", ""relation"": ""incongruent"", ""phase"": ""TEST"", ""word"": ""RED"", ""response"": ""green""}"
debugQT4VLU:debug3E8EAR,10,1432313398641,"{""rt"": 152, ""hit"": false, ""color"": ""red"", ""relation"": ""congruent"", ""phase"": ""TEST"", ""word"": ""RED"", ""response"": ""green""}"
debugQT4VLU:debug3E8EAR,11,1432313398776,"{""rt"": 135, ""hit"": false, ""color"": ""blue"", ""relation"": ""congruent"", ""phase"": ""TEST"", ""word"": ""BLUE"", ""response"": ""green""}"
debugQT4VLU:debug3E8EAR,12,1432313398912,"{""rt"": 136, ""hit"": true, ""color"": ""green"", ""relation"": ""congruent"", ""phase"": ""TEST"", ""word"": ""GREEN"", ""response"": ""green""}"
debugQT4VLU:debug3E8EAR,13,1432313399057,"{""rt"": 145, ""hit"": false, ""color"": ""red"", ""relation"": ""unrelated"", ""phase"": ""TEST"", ""word"": ""SHIP"", ""response"": ""green""}"
debugQT4VLU:debug3E8EAR,14,1432313399059,"{""phase"": ""postquestionnaire"", ""status"": ""begin""}"
debugQT4VLU:debug3E8EAR,15,1432313403529,"{""phase"": ""postquestionnaire"", ""status"": ""submit""}"
debug8W22D9:debug7NZER7,0,1432314411090,"{""phase"": ""INSTRUCTIONS"", ""templates"": [""instructions/instruct-1.html"", ""instructions/instruct-2.html"", ""instructions/instruct-3.html"", ""instructions/instruct-ready.html""], ""action"": ""Begin""}"
debug8W22D9:debug7NZER7,1,1432314411651,"{""phase"": ""INSTRUCTIONS"", ""indexOf"": 0, ""viewTime"": 557, ""action"": ""NextPage"", ""template"": ""instructions/instruct-1.html""}"
debug8W22D9:debug7NZER7,2,1432314412050,"{""phase"": ""INSTRUCTIONS"", ""indexOf"": 1, ""viewTime"": 393, ""action"": ""NextPage"", ""template"": ""instructions/instruct-2.html""}"
debug8W22D9:debug7NZER7,3,1432314412241,"{""phase"": ""INSTRUCTIONS"", ""indexOf"": 2, ""viewTime"": 190, ""action"": ""NextPage"", ""template"": ""instructions/instruct-3.html""}"
debug8W22D9:debug7NZER7,4,1432314412721,"{""phase"": ""INSTRUCTIONS"", ""indexOf"": 3, ""viewTime"": 479, ""action"": ""FinishInstructions"", ""template"": ""instructions/instruct-ready.html""}"
debug8W22D9:debug7NZER7,5,1432314414941,"{""rt"": 2208, ""hit"": false, ""color"": ""blue"", ""relation"": ""unrelated"", ""phase"": ""TEST"", ""word"": ""ZAMBONI"", ""response"": ""green""}"
debug8W22D9:debug7NZER7,6,1432314416942,"{""rt"": 2001, ""hit"": false, ""color"": ""blue"", ""relation"": ""congruent"", ""phase"": ""TEST"", ""word"": ""BLUE"", ""response"": ""green""}"
debug8W22D9:debug7NZER7,7,1432314417133,"{""rt"": 191, ""hit"": true, ""color"": ""green"", ""relation"": ""congruent"", ""phase"": ""TEST"", ""word"": ""GREEN"", ""response"": ""green""}"
debug8W22D9:debug7NZER7,8,1432314417278,"{""rt"": 145, ""hit"": false, ""color"": ""blue"", ""relation"": ""incongruent"", ""phase"": ""TEST"", ""word"": ""RED"", ""response"": ""green""}"
debug8W22D9:debug7NZER7,9,1432314417423,"{""rt"": 145, ""hit"": false, ""color"": ""red"", ""relation"": ""congruent"", ""phase"": ""TEST"", ""word"": ""RED"", ""response"": ""green""}"
debug8W22D9:debug7NZER7,10,1432314417565,"{""rt"": 142, ""hit"": false, ""color"": ""red"", ""relation"": ""incongruent"", ""phase"": ""TEST"", ""word"": ""GREEN"", ""response"": ""green""}"
debug8W22D9:debug7NZER7,11,1432314417795,"{""rt"": 230, ""hit"": true, ""color"": ""green"", ""relation"": ""unrelated"", ""phase"": ""TEST"", ""word"": ""MONKEY"", ""response"": ""green""}"
debug8W22D9:debug7NZER7,12,1432314418117,"{""rt"": 321, ""hit"": true, ""color"": ""green"", ""relation"": ""incongruent"", ""phase"": ""TEST"", ""word"": ""BLUE"", ""response"": ""green""}"
debug8W22D9:debug7NZER7,13,1432314418371,"{""rt"": 253, ""hit"": false, ""color"": ""red"", ""relation"": ""unrelated"", ""phase"": ""TEST"", ""word"": ""SHIP"", ""response"": ""green""}"
debug8W22D9:debug7NZER7,14,1432314418372,"{""phase"": ""postquestionnaire"", ""status"": ""begin""}"
debug8W22D9:debug7NZER7,15,1432314433474,"{""phase"": ""postquestionnaire"", ""status"": ""submit""}"
debugRRETC7:debugRPWFIA,0,1434619284148,"{""phase"": ""INSTRUCTIONS"", ""templates"": [""instructions/instruct-1.html"", ""instructions/instruct-2.html"", ""instructions/instruct-3.html"", ""instructions/instruct-ready.html""], ""action"": ""Begin""}"
debugRRETC7:debugRPWFIA,1,1434619285077,"{""phase"": ""INSTRUCTIONS"", ""indexOf"": 0, ""viewTime"": 925, ""action"": ""NextPage"", ""template"": ""instructions/instruct-1.html""}"
debugRRETC7:debugRPWFIA,2,1434619286108,"{""phase"": ""INSTRUCTIONS"", ""indexOf"": 1, ""viewTime"": 1025, ""action"": ""NextPage"", ""template"": ""instructions/instruct-2.html""}"
debugRRETC7:debugRPWFIA,3,1434619286987,"{""phase"": ""INSTRUCTIONS"", ""indexOf"": 2, ""viewTime"": 877, ""action"": ""NextPage"", ""template"": ""instructions/instruct-3.html""}"
debugRRETC7:debugRPWFIA,4,1434619287771,"{""phase"": ""INSTRUCTIONS"", ""indexOf"": 3, ""viewTime"": 782, ""action"": ""FinishInstructions"", ""template"": ""instructions/instruct-ready.html""}"
debugRRETC7:debugRPWFIA,5,1434619289548,"{""rt"": 1761, ""hit"": true, ""color"": ""green"", ""relation"": ""congruent"", ""phase"": ""TEST"", ""word"": ""GREEN"", ""response"": ""green""}"
debugRRETC7:debugRPWFIA,6,1434619291391,"{""rt"": 1842, ""hit"": false, ""color"": ""blue"", ""relation"": ""incongruent"", ""phase"": ""TEST"", ""word"": ""RED"", ""response"": ""green""}"
debugRRETC7:debugRPWFIA,7,1434619291608,"{""rt"": 216, ""hit"": false, ""color"": ""blue"", ""relation"": ""unrelated"", ""phase"": ""TEST"", ""word"": ""ZAMBONI"", ""response"": ""green""}"
debugRRETC7:debugRPWFIA,8,1434619291779,"{""rt"": 170, ""hit"": true, ""color"": ""green"", ""relation"": ""unrelated"", ""phase"": ""TEST"", ""word"": ""MONKEY"", ""response"": ""green""}"
debugRRETC7:debugRPWFIA,9,1434619291954,"{""rt"": 174, ""hit"": false, ""color"": ""red"", ""relation"": ""congruent"", ""phase"": ""TEST"", ""word"": ""RED"", ""response"": ""green""}"
debugRRETC7:debugRPWFIA,10,1434619292119,"{""rt"": 165, ""hit"": true, ""color"": ""green"", ""relation"": ""incongruent"", ""phase"": ""TEST"", ""word"": ""BLUE"", ""response"": ""green""}"
debugRRETC7:debugRPWFIA,11,1434619292283,"{""rt"": 164, ""hit"": false, ""color"": ""red"", ""relation"": ""unrelated"", ""phase"": ""TEST"", ""word"": ""SHIP"", ""response"": ""green""}"
debugRRETC7:debugRPWFIA,12,1434619292435,"{""rt"": 151, ""hit"": false, ""color"": ""red"", ""relation"": ""incongruent"", ""phase"": ""TEST"", ""word"": ""GREEN"", ""response"": ""green""}"
debugRRETC7:debugRPWFIA,13,1434619292593,"{""rt"": 158, ""hit"": false, ""color"": ""blue"", ""relation"": ""congruent"", ""phase"": ""TEST"", ""word"": ""BLUE"", ""response"": ""green""}"
debugRRETC7:debugRPWFIA,14,1434619292595,"{""phase"": ""postquestionnaire"", ""status"": ""begin""}"
debugRRETC7:debugRPWFIA,15,1434619293524,"{""phase"": ""postquestionnaire"", ""status"": ""submit""}"
debugDEA49M:debugZMBZFD,0,1437044947962,"{""phase"": ""INSTRUCTIONS"", ""templates"": [""instructions/instruct-1.html"", ""instructions/instruct-2.html"", ""instructions/instruct-3.html"", ""instructions/instruct-4.html"", ""instructions/instruct-5.html"", ""instructions/instruct-6.html"", ""instructions/instruct-ready.html""], ""action"": ""Begin""}"
debugDEA49M:debugZMBZFD,1,1437044949763,"{""phase"": ""INSTRUCTIONS"", ""indexOf"": 0, ""viewTime"": 1796, ""action"": ""NextPage"", ""template"": ""instructions/instruct-1.html""}"
debugDEA49M:debugZMBZFD,2,1437044950058,"{""phase"": ""INSTRUCTIONS"", ""indexOf"": 1, ""viewTime"": 288, ""action"": ""NextPage"", ""template"": ""instructions/instruct-2.html""}"
debugDEA49M:debugZMBZFD,3,1437044950521,"{""phase"": ""INSTRUCTIONS"", ""indexOf"": 2, ""viewTime"": 461, ""action"": ""NextPage"", ""template"": ""instructions/instruct-3.html""}"
debugDEA49M:debugZMBZFD,4,1437044951777,"{""phase"": ""INSTRUCTIONS"", ""indexOf"": 3, ""viewTime"": 1254, ""action"": ""NextPage"", ""template"": ""instructions/instruct-4.html""}"
debugDEA49M:debugZMBZFD,5,1437044955785,"{""phase"": ""INSTRUCTIONS"", ""indexOf"": 4, ""viewTime"": 4001, ""action"": ""NextPage"", ""template"": ""instructions/instruct-5.html""}"
debugDEA49M:debugZMBZFD,6,1437044960257,"{""phase"": ""INSTRUCTIONS"", ""indexOf"": 5, ""viewTime"": 4468, ""action"": ""NextPage"", ""template"": ""instructions/instruct-6.html""}"
debugDEA49M:debugZMBZFD,7,1437044960881,"{""phase"": ""INSTRUCTIONS"", ""indexOf"": 6, ""viewTime"": 622, ""action"": ""FinishInstructions"", ""template"": ""instructions/instruct-ready.html""}"
debugDEA49M:debugZMBZFD,8,1437044963848,"{""rt"": 2941, ""hit"": ""0"", ""color"": ""this"", ""relation"": ""100"", ""phase"": ""initial"", ""word"": ""that"", ""response"": ""zanda""}"
debugDEA49M:debugZMBZFD,9,1437044967185,"{""rt"": 3331, ""hit"": ""18"", ""color"": ""this"", ""relation"": ""80"", ""phase"": ""MAINTEST"", ""word"": ""that"", ""response"": ""zanda""}"
debugDEA49M:debugZMBZFD,10,1437044970983,"{""rt"": 3794, ""hit"": ""25"", ""color"": ""this"", ""relation"": ""74"", ""phase"": ""MAINTEST"", ""word"": ""that"", ""response"": ""zanda""}"
debugDEA49M:debugZMBZFD,11,1437044972349,"{""rt"": 1363, ""hit"": ""25"", ""color"": ""this"", ""relation"": ""74"", ""phase"": ""MAINTEST"", ""word"": ""that"", ""response"": ""zanda""}"
debugDEA49M:debugZMBZFD,12,1437044972603,"{""rt"": 250, ""hit"": ""25"", ""color"": ""this"", ""relation"": ""74"", ""phase"": ""MAINTEST"", ""word"": ""that"", ""response"": ""zanda""}"
debugDEA49M:debugZMBZFD,13,1437044972794,"{""rt"": 188, ""hit"": ""25"", ""color"": ""this"", ""relation"": ""74"", ""phase"": ""MAINTEST"", ""word"": ""that"", ""response"": ""zanda""}"
debugDEA49M:debugZMBZFD,14,1437044973166,"{""rt"": 369, ""hit"": ""25"", ""color"": ""this"", ""relation"": ""74"", ""phase"": ""MAINTEST"", ""word"": ""that"", ""response"": ""zanda""}"
debugDEA49M:debugZMBZFD,15,1437044973380,"{""rt"": 211, ""hit"": ""25"", ""color"": ""this"", ""relation"": ""74"", ""phase"": ""MAINTEST"", ""word"": ""that"", ""response"": ""zanda""}"
debugDEA49M:debugZMBZFD,16,1437044973838,"{""rt"": 456, ""hit"": ""25"", ""color"": ""this"", ""relation"": ""74"", ""phase"": ""MAINTEST"", ""word"": ""that"", ""response"": ""zanda""}"
debugDEA49M:debugZMBZFD,17,1437044974089,"{""rt"": 248, ""hit"": ""25"", ""color"": ""this"", ""relation"": ""74"", ""phase"": ""MAINTEST"", ""word"": ""that"", ""response"": ""zanda""}"
debugDEA49M:debugZMBZFD,18,1437044974317,"{""rt"": 224, ""hit"": ""25"", ""color"": ""this"", ""relation"": ""74"", ""phase"": ""MAINTEST"", ""word"": ""that"", ""response"": ""zanda""}"
debugDEA49M:debugZMBZFD,19,1437044974554,"{""rt"": 235, ""hit"": ""25"", ""color"": ""this"", ""relation"": ""74"", ""phase"": ""MAINTEST"", ""word"": ""that"", ""response"": ""zanda""}"
debugDEA49M:debugZMBZFD,20,1437044974788,"{""rt"": 232, ""hit"": ""25"", ""color"": ""this"", ""relation"": ""74"", ""phase"": ""MAINTEST"", ""word"": ""that"", ""response"": ""zanda""}"
debugDEA49M:debugZMBZFD,21,1437044974797,"{""phase"": ""postquestionnaire"", ""status"": ""begin""}"
debugDEA49M:debugZMBZFD,22,1437044999058,"{""an23"": ""-- select an option --"", ""an22"": ""-- select an option --"", ""an21"": ""-- select an option --"", ""an20"": ""-- select an option --"", ""an27"": ""Michal;is"", ""an26"": ""1"", ""an25"": ""2"", ""an24"": ""-- select an option --"", ""suban35"": ""-- select an option --"", ""suban34"": ""-- select an option --"", ""suban31"": ""-- select an option --"", ""suban33"": ""-- select an option --"", ""suban32"": ""-- select an option --"", ""an183"": ""gergb"", ""an182"": ""erg"", ""an181"": """", ""suban54"": ""-- select an option --"", ""suban53"": ""-- select an option --"", ""suban52"": ""-- select an option --"", ""suban51"": ""-- select an option --"", ""suban13"": ""-- select an option --"", ""suban12"": ""-- select an option --"", ""suban11"": ""-- select an option --"", ""an16"": ""-- select an option --"", ""an14"": ""-- select an option --"", ""an15"": ""-- select an option --"", ""an12"": """", ""an13"": """", ""an10"": ""-- select an option --"", ""an11"": """", ""status"": ""this"", ""an191"": ""egew"", ""an192"": ""ege"", ""suban22"": ""-- select an option --"", ""suban23"": ""-- select an option --"", ""an6"": ""1"", ""suban21"": ""-- select an option --"", ""suban24"": ""-- select an option --"", ""phase"": ""POST"", ""an8"": """", ""an9"": ""-- select an option --"", ""suban44"": ""-- select an option --"", ""suban45"": ""-- select an option --"", ""suban46"": ""-- select an option --"", ""suban47"": ""-- select an option --"", ""suban41"": ""-- select an option --"", ""suban42"": ""-- select an option --"", ""suban43"": ""-- select an option --"", ""an172"": ""z2"", ""an173"": ""zx3"", ""an171"": ""z1"", ""suban48"": ""-- select an option --"", ""suban49"": ""-- select an option --"", ""an7"": """"}"
debugBBWD20:debugBSNS58,0,1437045061671,"{""phase"": ""INSTRUCTIONS"", ""templates"": [""instructions/instruct-1.html"", ""instructions/instruct-2.html"", ""instructions/instruct-3.html"", ""instructions/instruct-4.html"", ""instructions/instruct-5.html"", ""instructions/instruct-6.html"", ""instructions/instruct-ready.html""], ""action"": ""Begin""}"
debugBBWD20:debugBSNS58,1,1437045063530,"{""phase"": ""INSTRUCTIONS"", ""indexOf"": 0, ""viewTime"": 1856, ""action"": ""NextPage"", ""template"": ""instructions/instruct-1.html""}"
debugBBWD20:debugBSNS58,2,1437045063889,"{""phase"": ""INSTRUCTIONS"", ""indexOf"": 1, ""viewTime"": 354, ""action"": ""NextPage"", ""template"": ""instructions/instruct-2.html""}"
debugBBWD20:debugBSNS58,3,1437045064385,"{""phase"": ""INSTRUCTIONS"", ""indexOf"": 2, ""viewTime"": 491, ""action"": ""NextPage"", ""template"": ""instructions/instruct-3.html""}"
debugBBWD20:debugBSNS58,4,1437045065569,"{""phase"": ""INSTRUCTIONS"", ""indexOf"": 3, ""viewTime"": 1181, ""action"": ""NextPage"", ""template"": ""instructions/instruct-4.html""}"
debugBBWD20:debugBSNS58,5,1437045070149,"{""phase"": ""INSTRUCTIONS"", ""indexOf"": 4, ""viewTime"": 4570, ""action"": ""NextPage"", ""template"": ""instructions/instruct-5.html""}"
debugBBWD20:debugBSNS58,6,1437045074341,"{""phase"": ""INSTRUCTIONS"", ""indexOf"": 5, ""viewTime"": 4180, ""action"": ""NextPage"", ""template"": ""instructions/instruct-6.html""}"
debugBBWD20:debugBSNS58,7,1437045075641,"{""phase"": ""INSTRUCTIONS"", ""indexOf"": 6, ""viewTime"": 1293, ""action"": ""FinishInstructions"", ""template"": ""instructions/instruct-ready.html""}"
debugBBWD20:debugBSNS58,8,1437045078785,"{""rt"": 3122, ""hit"": ""0"", ""color"": ""this"", ""relation"": ""70"", ""phase"": ""initial"", ""word"": ""that"", ""response"": ""zanda""}"
debugBBWD20:debugBSNS58,9,1437045081986,"{""rt"": 3192, ""hit"": ""8"", ""color"": ""this"", ""relation"": ""84"", ""phase"": ""MAINTEST"", ""word"": ""that"", ""response"": ""zanda""}"
debugBBWD20:debugBSNS58,10,1437045082982,"{""rt"": 990, ""hit"": ""8"", ""color"": ""this"", ""relation"": ""84"", ""phase"": ""MAINTEST"", ""word"": ""that"", ""response"": ""zanda""}"
debugBBWD20:debugBSNS58,11,1437045083819,"{""rt"": 832, ""hit"": ""8"", ""color"": ""this"", ""relation"": ""84"", ""phase"": ""MAINTEST"", ""word"": ""that"", ""response"": ""zanda""}"
debugBBWD20:debugBSNS58,12,1437045084298,"{""rt"": 474, ""hit"": ""8"", ""color"": ""this"", ""relation"": ""84"", ""phase"": ""MAINTEST"", ""word"": ""that"", ""response"": ""zanda""}"
debugBBWD20:debugBSNS58,13,1437045084665,"{""rt"": 364, ""hit"": ""8"", ""color"": ""this"", ""relation"": ""84"", ""phase"": ""MAINTEST"", ""word"": ""that"", ""response"": ""zanda""}"
debugBBWD20:debugBSNS58,14,1437045084944,"{""rt"": 275, ""hit"": ""8"", ""color"": ""this"", ""relation"": ""84"", ""phase"": ""MAINTEST"", ""word"": ""that"", ""response"": ""zanda""}"
debugBBWD20:debugBSNS58,15,1437045085208,"{""rt"": 258, ""hit"": ""8"", ""color"": ""this"", ""relation"": ""84"", ""phase"": ""MAINTEST"", ""word"": ""that"", ""response"": ""zanda""}"
debugBBWD20:debugBSNS58,16,1437045085459,"{""rt"": 247, ""hit"": ""8"", ""color"": ""this"", ""relation"": ""84"", ""phase"": ""MAINTEST"", ""word"": ""that"", ""response"": ""zanda""}"
debugBBWD20:debugBSNS58,17,1437045085697,"{""rt"": 234, ""hit"": ""8"", ""color"": ""this"", ""relation"": ""84"", ""phase"": ""MAINTEST"", ""word"": ""that"", ""response"": ""zanda""}"
debugBBWD20:debugBSNS58,18,1437045085949,"{""rt"": 249, ""hit"": ""8"", ""color"": ""this"", ""relation"": ""84"", ""phase"": ""MAINTEST"", ""word"": ""that"", ""response"": ""zanda""}"
debugBBWD20:debugBSNS58,19,1437045086193,"{""rt"": 241, ""hit"": ""8"", ""color"": ""this"", ""relation"": ""84"", ""phase"": ""MAINTEST"", ""word"": ""that"", ""response"": ""zanda""}"
debugBBWD20:debugBSNS58,20,1437045086436,"{""rt"": 240, ""hit"": ""8"", ""color"": ""this"", ""relation"": ""84"", ""phase"": ""MAINTEST"", ""word"": ""that"", ""response"": ""zanda""}"
debugBBWD20:debugBSNS58,21,1437045086444,"{""phase"": ""postquestionnaire"", ""status"": ""begin""}"
debugBBWD20:debugBSNS58,22,1437045108938,"{""an23"": ""-- select an option --"", ""an22"": ""-- select an option --"", ""an21"": ""-- select an option --"", ""an20"": ""-- select an option --"", ""an27"": ""Michalis2"", ""an26"": ""-- select an option --"", ""an25"": ""-- select an option --"", ""an24"": ""-- select an option --"", ""suban35"": ""-- select an option --"", ""suban34"": ""-- select an option --"", ""suban31"": ""-- select an option --"", ""suban33"": ""-- select an option --"", ""suban32"": ""-- select an option --"", ""an183"": ""mm3"", ""an182"": ""mm2"", ""an181"": ""mm1"", ""suban54"": ""-- select an option --"", ""suban53"": ""-- select an option --"", ""suban52"": ""-- select an option --"", ""suban51"": ""-- select an option --"", ""suban13"": ""-- select an option --"", ""suban12"": ""-- select an option --"", ""suban11"": ""-- select an option --"", ""an16"": ""-- select an option --"", ""an14"": ""-- select an option --"", ""an15"": ""-- select an option --"", ""an12"": """", ""an13"": """", ""an10"": ""-- select an option --"", ""an11"": """", ""status"": ""this"", ""an191"": ""mmm1"", ""an192"": ""mmm2"", ""suban22"": ""-- select an option --"", ""suban23"": ""-- select an option --"", ""an6"": ""1"", ""suban21"": ""-- select an option --"", ""suban24"": ""-- select an option --"", ""phase"": ""POST"", ""an8"": """", ""an9"": ""-- select an option --"", ""suban44"": ""-- select an option --"", ""suban45"": ""-- select an option --"", ""suban46"": ""-- select an option --"", ""suban47"": ""-- select an option --"", ""suban41"": ""-- select an option --"", ""suban42"": ""-- select an option --"", ""suban43"": ""-- select an option --"", ""an172"": ""m2"", ""an173"": ""m3"", ""an171"": ""m1"", ""suban48"": ""-- select an option --"", ""suban49"": ""-- select an option --"", ""an7"": """"}"
